{"TTToSemiLeptonic": 143522112306.58408, "TTTo2L2Nu": 10528968068.886402, "TTToHadronic": 107733691239.08002, "ZZ4l": 130456583.68959999, "ZZTo2L2Nu": 47333990.09787392, "ZZTo2Nu2Q": 37590250.764148004, "ZZTo2L2Q": 161924457.81939885, "VV2l2nu": 110795281.86700004, "ZZTo4Q": 14406646.982765006, "WWTo1L1Nu2Q": 110795281.86700006, "WWTo4Q": 3347676718.8794613, "WZ1l3nu": 14066954.673564008, "ZZ2l2q": 161924457.81939885, "WZ2l2q": 274146243.4568561, "WZ1l1nu2q": 111635546.18117297, "DYJetsToLL_M-4to50_HT-70to100": 15951497.0, "DYJetsToLL_M-4to50_HT-100to200": 14442189.0, "DYJetsToLL_M-4to50_HT-200to400": 14305796.0, "DYJetsToLL_M-4to50_HT-400to600": 15537383.0, "DYJetsToLL_M-4to50_HT-600toInf": 14597795.0, "DYJetsToLL_M-50_HT-70to100": 17004433.0, "DYJetsToLL_M-50_HT-100to200": 26202328.0, "DYJetsToLL_M-50_HT-200to400": 18455718.0, "DYJetsToLL_M-50_HT-400to600": 8908406.0, "DYJetsToLL_M-50_HT-600to800": 7035971.0, "DYJetsToLL_M-50_HT-800to1200": 6678036.0, "DYJetsToLL_M-50_HT-1200to2500": 6166852.0, "DYJetsToLL_M-50_HT-2500toInf": 6166852.0, "T-tchan": 19000619620.26, "Tbar-tchan": 6128118469.544295, "T-tW": 258137398.58079994, "Tbar-tW": 251902163.21000016, "ST_s-channel_4f_hadronicDecays": 103511179.06030007, "ST_s-channel_4f_leptonDecays": 65265125.245749615, "WJetsToLNu_HT-70To100": 63706179.0, "WJetsToLNu_HT-100To200": 51541593.0, "WJetsToLNu_HT-200To400": 58331446.0, "WJetsToLNu_HT-400To600": 9415474.0, "WJetsToLNu_HT-600To800": 13472940.0, "WJetsToLNu_HT-800To1200": 12725029.0, "WJetsToLNu_HT-1200To2500": 6486269.0, "WJetsToLNu_HT-2500ToInf": 12222295.0, "Data_Mu": 1}